ORF,NAME,alpha0,alpha7,alpha14,alpha21,alpha28,alpha35,alpha42,alpha49,alpha56,alpha63,alpha 70,alpha 77,alpha 84,alpha91,alpha98,alpha 105,alpha 112,alpha 119,Elu 0,Elu 30,Elu 60,Elu 90,Elu 120,Elu 150,Elu 180,Elu 210,Elu 240,Elu 270,Elu 300,Elu 330,Elu 360,Elu 390,cdc15 10,cdc15 30,cdc15 50,cdc15 70,cdc15 90,cdc15 110,cdc15 130,cdc15 150,cdc15 170,cdc15 190,cdc15 210,cdc15 230,cdc15 250,cdc15 270,cdc15 290,spo 0,spo 2,spo 5,spo 7,spo 9,spo 11,spo5 2,spo5 7,spo5 11,spo- early,spo- mid,heat 0,heat 10,heat 20,heat 40,heat 80,heat 160,dtt 15,dtt 30,dtt 60,dtt 120,cold 0,cold 20,cold 40,cold 160,diau a,diau b,diau c,diau d,diau e,diau f,diau g
YBR166C,TYR1   TYROSINE BIOSYNTHESIS    PREPHENATE DEHYDROGENASE (NADP+,0.33,-0.17,0.04,-0.07,-0.09,-0.12,-0.03,-0.2,-0.06,-0.06,-0.14,-0.18,-0.06,-0.25,0.06,-0.12,0.25,0.43,0.21,-0.04,-0.15,-0.04,0.21,-0.14,-0.03,-0.07,-0.36,-0.14,-0.42,-0.34,-0.23,-0.17,0.23,0.3,0.41,-0.07,-0.23,-0.12,0.16,0.74,0.14,-0.49,-0.32,0.19,0.23,0.24,0.28,1.13,-0.12,0.1,,0.66,0.62,0.08,0.62,0.43,0.5,-0.25,-0.51,-0.67,0.21,-0.74,-0.36,-0.01,0.38,0.15,-0.22,-0.09,0.33,0.08,0.39,-0.17,0.23,0.2,0.2,-0.17,-0.69,0.14,-0.27
YOR357C,GRD19  SECRETION                GOLGI PROTEIN RETENTION,-0.64,-0.38,-0.32,-0.29,-0.22,-0.01,-0.32,-0.27,-0.51,-0.67,-0.62,-0.58,-0.38,-0.94,-0.34,-0.92,-0.15,0.03,0.16,-0.34,-0.32,-0.34,-0.12,-0.34,-0.27,-0.15,-0.15,-0.51,-0.3,-0.25,-0.12,-0.4,0.98,0.99,0.25,0.15,0.08,0.23,0.18,-0.29,-0.45,0.01,-0.34,-1.12,-0.54,-0.94,-1.09,-0.45,-0.23,-0.36,0.08,0.28,0.18,-0.12,,0.25,-0.22,-0.04,-0.25,0.04,-0.03,-0.07,-0.04,0.73,-0.06,0.54,-0.09,-0.29,-0.1,0.36,-0.2,-0.34,-0.14,-0.09,0.06,-0.17,0.04,-0.97,-1.79
YLR292C,SEC72  SECRETION                ER PROTEIN TRANSLOCATION SUBCOMPLEX SUBUNIT,-0.23,0.19,-0.36,0.14,-0.4,0.16,-0.09,-0.12,-0.14,-0.14,-0.38,-0.22,0.12,-0.43,-0.42,-0.45,-0.17,-0.27,0.29,-0.09,0.4,-0.1,0.46,0.15,-0.17,-0.18,-0.07,-0.34,0.3,-0.12,-0.06,-0.17,0.07,0.38,0.34,,-0.15,-0.2,0.19,0.37,0.24,-0.07,,0.24,0.45,0.23,0.5,-0.07,,0.66,0.94,0.46,0.06,-0.18,0.39,-0.18,0.16,0.55,-0.06,-0.94,0.21,-0.71,-0.86,-0.45,0.42,1.04,0.65,0.53,-0.47,0.21,-0.29,-0.36,-0.1,-0.29,-0.18,-0.34,-0.47,-0.43,-1.06
YGL112C,TAF60  TRANSCRIPTION            TFIID 60 KD SUBUNIT,-0.69,-0.89,-0.74,-0.56,-0.64,-0.18,-0.42,-0.34,,0.01,-0.1,-0.17,-0.12,-0.43,-0.18,0.06,-0.2,-0.22,-0.04,0.34,0.42,-0.04,-0.14,0.15,0.26,0.4,0.24,0.25,0.37,-0.04,-0.27,0.11,-0.15,-0.07,0.06,0.23,0.07,-0.12,-0.12,,0.04,0.25,0.1,0.3,-0.12,-0.23,-0.12,0.19,0.24,,0.41,0.36,0.98,-0.04,0.18,0.24,0.44,0.32,-0.22,-0.71,-0.34,-0.45,-0.3,-0.45,0.58,-0.22,0.1,0.19,-0.32,-0.01,-0.29,0.31,0.21,0.07,0.18,-0.14,-0.2,-0.43,-1.51
YIL118W,"RHO3   CYTOSKELETON             GTP-BINDING PROTEIN, RHO FAMILY",0.04,0.01,-0.81,,-0.3,0.49,0.08,0.19,-0.03,-0.32,-0.34,-0.22,-0.03,-0.06,0.06,0.07,0.1,0.03,-0.18,-0.2,-0.12,0.16,-0.17,0.1,-0.14,-0.01,-0.15,0.04,0.23,-0.04,0.07,0.06,0.7,0.36,0.37,0.3,-0.04,0.19,-0.45,0.21,-1.12,-0.04,0.3,0.88,-0.49,-0.23,-0.04,-0.2,0.45,0.52,0.62,0.48,0.65,-0.14,-0.14,-0.49,-0.04,0.14,-0.1,-0.2,0.01,-0.4,-0.23,-0.04,0.25,-0.27,0.1,0.1,-0.2,0.28,-0.17,0.26,0.07,-0.17,,-0.1,-0.23,-0.51,-1.4
YDL120W,"YFH1   IRON HOMEOSTASIS, MITOCH FRATAXIN HOMOLOG",0.11,0.32,0.03,0.32,0.03,-0.12,0.01,-0.36,-0.01,-0.17,-0.22,-0.22,-0.1,-0.51,-0.25,-0.38,-0.27,-0.2,-0.45,0.82,-0.12,-0.43,-0.1,-0.1,-0.64,0.08,0.1,0.2,0.2,0.16,0.2,0.2,-0.2,-0.14,0.19,0.15,0.3,0.14,,-0.14,-0.18,0.01,0.03,-0.38,0.2,0.19,0.41,-0.4,-0.07,,0.74,-0.09,0.38,-0.64,-0.04,-0.1,-0.23,-0.56,-0.25,-1,-0.25,-0.62,-0.64,-0.36,-0.3,-0.12,0.16,-0.34,-0.17,0.39,-0.06,-0.67,0.04,-0.22,-0.12,-0.15,-0.67,-0.38,-0.27
YHL025W,SNF6   TRANSCRIPTION            COMPONENT OF SWI/SNF GLOBAL ACTIVATOR COMPLEX,-0.47,1,-0.51,-0.25,-0.71,-0.22,-0.3,-0.36,-0.1,0.08,,-0.27,-0.23,-0.45,-0.32,-0.17,-0.56,-0.01,0.44,0.26,0.4,0.12,-0.03,0.07,0.16,0.58,0.33,0.2,0.14,0.2,0.34,0.21,0.82,0.52,0.48,0.77,0.14,0.55,0.37,0.25,0.29,0.18,0.07,0.73,0.37,-0.01,0.24,0.25,-0.1,0.11,0.21,0.08,0.12,-0.14,0.39,0.28,-0.1,-0.4,0.43,-0.1,-0.01,-0.2,-0.18,-0.1,-0.22,-0.43,-0.17,0.04,-0.06,0.24,-0.04,-0.4,-0.38,-0.56,0.11,-0.27,-0.58,0.48,0.19
YGL248W,"PDE1   PURINE METABOLISM        3',5'-CYCLIC-NUCLEOTIDE PHOSPHODIESTERASE",-0.25,0.26,0.01,-0.06,-0.42,-0.07,-0.3,-0.18,-0.1,-0.27,-0.29,-0.04,0.04,-0.18,-0.1,-0.03,-0.4,0.03,0.32,-0.09,0.38,-0.38,-0.29,-0.56,-0.36,0.03,0.06,-0.04,-0.01,0.19,0.21,0.26,0.24,0.03,0.52,0.5,0.2,,-0.15,0.08,0.14,-0.09,0.23,0.4,0.34,0.29,0.58,0.1,-0.54,-0.34,0.62,0.37,0.36,-0.56,0.93,0.33,0.26,0.04,0.24,0.96,0.28,0.34,0.58,0.86,0.06,-0.17,0.32,0.18,0.12,0.29,-0.14,-1.18,-0.23,-0.47,0.32,0.04,-0.06,0.63,0.3
YIL146C,ECM37  CELL WALL BIOGENESIS     UNKNOWN,-0.58,-0.29,-0.45,-0.15,-0.86,-0.36,-0.54,-0.47,-0.29,0.08,-0.58,-0.43,-0.38,-0.36,-0.43,-0.3,-0.32,-0.22,0.08,0.32,0.03,0.16,-0.09,-0.14,,0.08,-0.07,0.11,-0.23,-0.12,-0.01,0.15,0.56,0.46,0.18,0.36,0.42,0.24,0.34,0.42,0.86,0.7,0.15,-0.03,0.19,0.14,0.18,0.03,-0.32,0.69,1.56,1.14,1.15,-0.86,0.74,0.28,0.79,0.96,1.29,0.08,0.44,0.04,0.32,0.46,-0.3,-0.2,-0.51,-0.09,-0.07,2.46,0.23,0.37,-0.15,-0.42,-0.14,-0.64,-0.62,0.69,1.09
YJR106W,ECM27  CELL WALL BIOGENESIS     UNKNOWN,-0.36,-0.17,-0.22,-0.34,-0.36,0.03,-0.2,-0.42,-0.15,0.06,-0.2,-0.1,-0.15,-0.4,-0.3,-0.14,-0.64,-0.15,-0.03,0.1,-1.03,-0.23,-0.23,-0.18,-0.17,0.1,-0.03,0.11,,0.07,-0.03,0.26,-0.04,0.75,0.7,0.14,-0.06,-0.2,0.07,0.44,0.37,-0.01,0.15,0.03,-0.51,-0.49,-0.2,-0.23,-0.64,0.11,0.89,0.52,0.87,-0.86,0.57,0.19,-0.27,-0.22,0.39,0.42,0.55,0.46,0.37,-0.06,-0.56,0.07,0.1,0.19,-0.54,,-0.14,-0.14,-0.15,-0.18,0.33,0.16,-0.3,0.49,0.44
YNL272C,SEC2   SECRETION                GDP/GTP EXCHANGE FACTOR FOR SEC4P,0.31,0.12,0.34,0.61,0.18,0.28,0.14,,-0.07,-0.01,0.11,0.48,0.19,-0.01,-0.14,-0.17,0.14,0.03,0.01,-0.47,-0.27,0.16,0.21,0.07,0.06,0.06,-0.22,-0.06,0.06,-0.34,-0.47,-0.12,-0.51,-0.15,0.06,-0.38,-0.49,-0.4,-0.18,-0.32,-0.25,-0.58,-0.76,-0.54,-0.07,-0.3,-0.6,-0.22,0.38,0.52,0.59,0.58,0.66,-0.29,0.03,0.15,0.74,1.06,-0.3,-0.45,-0.36,,-0.4,-0.3,0.06,-0.06,-0.1,-0.23,-0.36,-2.06,1.02,0.24,0.15,0.1,0.23,,-0.09,0.01,-0.27
YBR123C,TFC1   TRANSCRIPTION            TFIIIC 95 KD SUBUNIT,-0.17,-0.32,-0.34,-0.42,-0.25,-0.3,0.19,0.26,0.1,-0.23,0.2,-0.29,-0.2,-0.07,0.29,0.68,-0.1,0.29,-0.49,-0.45,-0.3,-0.03,-0.2,-0.38,-0.27,-0.07,0.07,0.03,-0.58,0.03,-0.03,-0.32,,0.25,-0.09,0.33,0.2,0.15,-0.04,-0.22,0.26,0.54,0.26,0.69,0.16,-0.2,-1,0.14,0.16,0.43,0.3,-0.58,0.4,-0.36,-0.1,-0.36,0.5,0.74,0.03,-0.07,0.46,0.1,0.12,0.01,-0.15,-0.79,-0.34,-0.67,-0.01,-0.27,0.37,-0.49,,0.25,0.24,-0.36,-0.3,0.24,-0.1
YCR040W,ALPHA1 TRANSCRIPTION            ALPHA-SPECIFIC GENE ACTIVATOR,-0.29,0.31,-0.2,-0.04,-0.38,0.11,-0.2,-0.4,-0.12,0.42,-0.29,0.18,-0.04,-0.29,-0.67,0.23,-0.01,0.16,-0.15,-0.22,0.1,0.1,-0.17,-0.36,0.08,-0.42,-0.15,-0.58,-0.29,-0.54,-0.51,-0.23,-0.17,-0.56,-1.15,-0.32,0.39,0.7,0.25,-0.3,-0.69,-0.32,0.4,0.31,0.62,0.34,0.36,-0.1,-0.51,-0.42,0.11,0.28,0.31,-0.74,0.95,-0.58,0.84,1.7,-0.34,-0.47,-0.15,-0.23,-0.32,-0.14,-0.07,-0.71,-0.4,-0.3,-0.54,-0.09,0.04,-0.06,-0.69,0.66,-0.22,-0.62,-0.74,0.2,0.04
YHR047C,AAP1   PROTEIN DEGRADATION      ARGININE/ALANINE AMINOPEPTIDASE,-0.29,-0.07,-0.34,-0.34,-0.36,-0.43,-0.4,-0.25,-0.06,-0.23,0.31,-0.03,-0.15,-0.27,-0.14,0.08,-0.58,-0.12,-0.4,-0.06,-0.25,-0.04,-0.27,-0.27,-0.06,0.21,0.24,0.53,0.03,0.41,0.36,0.06,-0.51,-0.62,-0.81,-0.47,-0.43,0.03,0.08,-0.03,0.19,-0.4,-0.32,-0.06,0.07,-0.22,-0.14,-0.2,-0.54,,-0.04,-0.07,,-0.43,-0.42,0.98,0.55,1.26,-0.27,-0.06,-0.49,-0.18,-0.1,-0.43,-0.92,-0.43,-0.23,-0.4,-0.01,-0.47,-0.76,-1.03,-0.04,0.03,-0.29,-0.43,-0.42,-0.64,-0.67
YMR055C,"BUB2   CELL CYCLE, CHECKPOINT   UNKNOWN",-0.34,0.88,-0.42,-0.97,-0.15,-0.29,0.23,-0.3,-0.3,-0.22,-0.36,-0.38,-0.18,-0.29,-0.36,-0.23,-0.2,-0.14,-0.27,-0.42,-0.56,-0.67,-0.38,-0.45,-0.23,0.06,0.11,0.06,-0.15,-0.06,-0.09,-0.07,-0.49,-0.56,-0.06,0.23,0.18,-0.22,-0.22,0.03,-0.2,0.11,,-1.22,-0.51,-0.49,-0.47,-0.29,-0.4,-0.12,0.7,0.24,0.55,-0.06,-0.09,0.07,0.31,0.58,-0.04,-0.18,-0.25,0.54,0.11,-0.81,,-0.47,-0.49,-0.54,-0.15,0.1,-0.67,-0.27,-0.43,-0.38,0.16,-0.09,-0.2,-0.07,-0.71
YDR457W,"TOM1   CELL CYCLE, G2/M         UNKNOWN",0.01,-0.69,-0.09,-0.09,0.25,0.21,-0.18,-0.4,-0.07,-0.09,0.52,0.07,-0.25,-0.3,0.25,0.14,0.14,0.29,-0.23,-0.58,-0.45,-0.22,-0.76,-0.97,-0.94,-0.54,-0.42,-0.27,,-0.14,-0.2,-0.3,-0.17,0.06,-0.22,-0.2,-0.17,0.11,0.12,-0.38,-0.09,-0.4,-0.47,-0.03,-0.29,0.11,-0.47,-0.06,-0.01,-0.01,0.08,0.15,0.41,-0.07,0.01,0.01,0.14,0.29,-0.32,-0.07,-0.45,-0.22,0.06,-0.15,-0.22,-0.56,-0.64,-0.29,0.12,-0.23,-0.15,-0.17,0.04,0.04,0.11,-0.1,-0.23,-0.04,0.14
YKL201C,MNN4   PROTEIN GLYCOSYLATION    PHOSPHATIDYLINOSITOL KINASE HOMOLG,-0.29,-0.01,0.33,,0.24,0.48,0.21,-0.03,-0.1,-0.14,-0.17,-0.49,-0.45,-0.25,0.04,0.06,0.19,-0.42,-0.29,-0.06,-0.38,-0.43,-0.22,-0.56,-0.56,-0.71,-0.64,-0.62,-0.71,-0.58,-0.54,-0.84,-0.56,-0.42,-0.38,-0.38,-0.49,-0.62,-0.32,-1.22,-0.43,-1,-0.64,-0.54,-0.81,-0.71,-0.76,-0.22,0.41,1.24,1,0.66,0.12,-0.86,-0.34,-0.81,-0.09,0.44,-0.34,1.58,0.36,0.06,0.72,-0.23,-0.45,0.2,-0.04,0.07,-0.1,0.14,0.11,-0.17,-0.2,-0.54,-0.43,-0.74,-0.12,0.24,0.29
YDR311W,TFB1   TRANSCRIPTION            TFIIH 75 KD SUBUNIT,0.14,-0.23,-0.04,-0.07,0.28,-0.23,-0.32,-0.27,0.21,-0.14,1.46,-0.2,0.1,-0.1,0.2,0.31,-0.29,0.29,0.37,-0.45,0.34,0.34,-0.07,-0.22,-0.27,0.04,-0.29,-0.18,-0.4,-0.23,-0.03,-0.07,-0.32,0.28,0.1,-0.3,-0.18,-0.04,-0.1,0.48,-0.22,-0.49,-0.25,0.32,-0.2,-0.38,-0.45,-0.2,-0.18,0.03,0.3,0.43,0.62,-0.64,0.23,0.39,-0.01,1.06,-0.12,-0.07,-0.06,0.24,-0.22,-0.4,-0.45,-0.17,-0.06,-0.15,-0.17,0.7,0.04,0.25,,0.07,0.54,0.16,-0.32,0.15,0.26
YGR274C,TAF145 TRANSCRIPTION            TFIID 145 KD SUBUNIT,0.06,,0.26,0.1,0.12,0.06,-0.03,0.19,0.23,-0.03,0.59,0.11,0.12,0.01,0.23,0.43,-0.25,-0.06,-0.03,,0.01,0.15,-0.06,0.14,0.16,-0.06,-0.04,-0.01,-0.18,0.12,0.15,-0.09,-0.01,0.32,0.29,-0.14,-0.47,-0.06,-0.04,,0.24,-0.22,-0.2,0.61,0.07,-0.18,-0.36,-0.22,-0.29,-0.06,0.14,0.25,0.44,-0.38,0.4,0.4,0.23,0.33,0.03,-0.03,-0.4,0.28,-0.15,0.25,-0.32,-0.03,-0.23,-0.51,-0.09,0.07,-0.2,-0.06,0.06,-0.01,-0.07,-0.14,-0.29,0.11,-0.1
YHR178W,STB5   TRANSCRIPTION            UNKNOWN; BINDS SIN3P,-0.54,0.36,-0.22,-0.42,0.08,-0.12,0.15,-0.17,0.2,-0.27,-0.43,-0.22,-0.1,-0.29,0.01,-0.14,-0.04,-0.27,-0.06,-0.49,-0.04,-0.34,-0.47,-0.76,-0.36,-0.23,0.18,-0.2,-0.56,0.33,0.16,-0.12,-0.2,-0.15,-0.12,1.24,-1.12,-0.14,-0.22,0.89,0.45,-0.29,-0.2,,-1.74,0.29,-0.54,-0.71,0.41,-0.18,0.75,0.65,0.58,0.18,0.03,0.91,0.99,0.53,-0.17,0.86,0.03,0.25,0.36,-0.17,-0.38,-0.43,-0.64,-0.54,-0.15,0.26,-0.34,0.55,0.1,-0.18,0.08,-0.1,,0.29,
YKR093W,PTR2   TRANSPORT                SMALL PEPTIDE PERMEASE,-0.38,-0.64,-0.64,,-0.69,-1.03,-0.64,-1.25,-0.84,-0.71,-0.67,-0.74,-0.51,-1.09,-0.74,-1,-0.84,-0.84,-0.38,-0.34,-0.14,-0.03,0.36,0.44,0.41,0.76,0.59,0.63,0.31,0.49,0.11,0.33,-1.64,-1.4,-0.71,0.57,0.79,0.98,0.77,0.9,0.65,0.59,0.57,-0.97,-0.42,0.63,0.62,-0.27,0.28,0.37,1.2,1.38,1.43,-0.27,0.03,0.2,-0.22,0.62,0.15,0.41,-0.3,-0.58,0.18,-0.12,-0.79,-0.47,-0.4,-0.71,-0.6,-0.71,1.14,-1.79,-0.14,0.37,0.69,0.58,0.42,0.53,0.01
YPR113W,PIS1   PHOSPHOLIPID METABOLISM  PHOSPHATIDYLINOSITOL SYNTHASE,-0.27,-0.23,-0.62,-0.54,-0.64,-0.45,0.16,-0.17,0.03,-0.42,-0.34,-0.67,-0.29,-0.81,-0.27,-0.71,-0.36,-0.36,-0.27,-0.15,-0.29,-0.23,-0.04,0.28,0.41,0.28,-0.2,0.03,0.32,0.24,-0.42,0.08,-0.36,-0.51,-0.64,0.15,0.41,0.29,0.18,0.21,0.01,0.26,0.42,-0.81,-0.12,-0.27,-0.15,-0.4,0.03,-0.04,0.58,0.36,0.74,-0.1,0.03,-0.12,-0.18,-0.74,0.07,-0.2,-0.36,-0.4,0.14,0.01,-0.06,-0.2,-0.25,-0.3,0.01,-0.04,-0.25,-0.34,-0.04,,0.61,0.51,0.56,1.11,-1.03
YPR149W,"NCE102 SECRETION, NON-CLASSICAL UNKNOWN",-2.84,-1.47,-0.94,-1.79,-1.47,-1.74,-0.2,-0.34,0.58,-0.01,-0.23,-1.25,-1,-1.56,-0.62,-0.92,0.29,0.03,1,-0.38,-0.42,-0.43,-1.18,-1.15,-0.81,-0.34,0.3,-0.06,-0.51,0.38,0.59,-0.06,-1.51,-2.94,-2.84,-0.47,1,1.11,-0.36,-1.43,-0.89,0.64,1.34,0.31,-0.15,-0.69,-0.4,-0.23,0.99,1.29,1,0.6,1.63,-0.25,-0.18,0.04,0.52,1.86,-0.27,1.82,1.55,-0.27,0.58,-0.45,-1.06,-1.69,-1.56,-1.56,0.1,-0.17,-0.58,-0.69,0.16,0.11,0.39,0.81,0.92,2.03,2.29
YJL210W,PEX2   PEROXISOME BIOGENESIS    INTEGRAL MEMBRANE PROTEIN,-0.43,-0.42,-0.69,-0.4,-0.62,-0.3,-0.38,-0.74,-0.27,0.1,-0.32,-0.43,0.03,-0.79,-0.79,-0.51,-0.74,-0.38,-0.2,0.06,-0.12,-0.38,-0.1,-0.51,-0.03,0.31,0.18,0.2,-0.12,0.26,0.11,0.42,-0.3,-0.69,-0.22,-0.09,-0.89,-0.06,0.37,0.26,0.82,-0.17,0.07,0.49,-0.14,0.18,-0.09,-0.15,0.94,0.6,1.34,0.28,1.33,0.24,0.69,-0.1,0.32,-0.04,-0.12,0.5,0.21,-0.15,,0.12,-0.45,-0.74,-0.36,-0.69,-0.18,0.57,-0.3,-0.34,-0.2,-0.2,,0.31,0.01,0.46,0.21
YDL006W,PTC1   TRNA SPLICING            PROTEIN PHOSPHATASE,-0.32,0.33,-0.22,0.03,-0.34,0.26,-0.04,0.07,-0.23,0.26,0.19,0.1,-0.2,-0.03,-0.34,0.15,0.03,-0.03,0.57,-0.03,0.4,-0.86,0.12,0.03,0.11,-0.23,-0.18,-0.23,,-0.15,-0.27,-0.15,-0.15,0.2,0.07,-0.03,-0.43,-0.47,-0.36,-0.03,0.34,0.04,-0.6,0.34,-0.25,-0.32,-0.25,,0.24,,0.76,0.82,0.37,-0.23,0.37,-0.25,0.46,1.4,-0.3,-0.3,-0.3,-0.92,-0.42,-0.06,0.37,0.03,-0.09,-0.14,-0.27,-0.17,-0.54,-0.06,-0.23,-0.43,0.14,0.11,-0.43,0.49,-0.45
YLR188W,MDL1   TRANSPORT                ATP-BINDING CASSETTE (ABC) FAMILY,-0.45,-0.34,-0.25,0.15,0.18,0.2,0.03,-0.36,0.04,0.31,0.03,0.24,0.03,-0.03,-0.04,0.1,-0.23,-0.3,-0.74,0.38,-0.18,-0.15,-0.06,0.07,0.14,0.55,0.26,0.23,0.04,0.07,0.14,0.15,-0.29,-0.2,0.08,-0.1,-0.45,-0.17,-0.38,-0.09,0.41,-0.42,-0.43,0.15,-0.43,-0.36,-0.38,-0.12,0.42,0.18,0.91,0.72,1.01,0.59,0.57,0.01,0.6,-0.25,-0.3,-0.81,-0.01,-0.29,-0.27,-0.69,-0.12,-0.54,0.11,-0.09,0.06,0.11,-0.79,-0.71,0.01,-0.18,,-0.25,-0.43,-0.45,0.06
YDL226C,GCS1   SECRETION                VESICLE TRANSPORT; GAP FOR ARF,-0.43,-0.12,-0.12,0.19,0.01,0.23,-0.4,0.08,0.16,0.15,0.3,-0.04,0.01,-0.1,0.01,0.31,0.28,0.01,0.01,0.81,-0.14,0.44,0.15,0.52,0.42,0.57,-0.01,0.39,0.38,0.26,0.5,0.64,-0.56,-0.49,-0.32,-0.43,-0.18,-0.36,-0.22,,-0.01,-0.23,-0.17,-0.34,-0.03,-0.22,-0.04,0.06,0.33,0.51,1.01,0.68,0.33,-0.06,0.32,0.1,0.86,0.85,-0.12,-0.47,-0.18,-0.45,-0.14,-0.03,0.51,-0.62,0.67,0.31,-0.4,-0.25,-0.92,-1.03,0.01,0.28,0.31,-0.15,-0.34,-0.03,-0.84
YHR026W,PPA1   VACUOLAR ACIDIFICATION   VACUOLAR H+-ATPASE PROTEOLIPID PROTEIN,-0.07,-0.34,-0.18,-0.03,-0.1,0.08,,0.01,0.08,-0.3,0.03,-0.23,0.06,-0.23,-0.04,-0.18,-0.22,-0.23,0.04,0.07,0.12,0.14,-0.01,0.08,0.3,0.45,0.26,0.31,0.29,0.15,0.15,0.08,-0.56,-0.51,-0.38,0.16,0.16,0.1,0.07,0.19,0.25,0.06,0.33,-0.69,-0.07,-0.29,-0.06,0.08,0.98,0.32,0.23,0.38,0.38,0.36,0.06,-0.18,0.5,0.1,0.31,-0.22,-0.36,-0.54,-0.18,-0.06,0.34,-0.47,0.07,-0.34,0.14,0.07,-0.09,0.1,0.11,0.23,0.9,0.29,0.26,0.28,-0.4
YJL121C,RPE1   PENTOSE PHOSPHATE CYCLE  RIBULOSE-5-PHOSPHATE 3-EPIMERASE,0.16,-0.04,0.01,0.12,0.08,0.26,0.19,0.29,0.24,-0.17,0.15,-0.12,0.26,-0.06,0.16,0.11,-0.06,-0.14,-0.42,-0.17,0.41,0.77,0.55,0.43,0.52,0.39,0.2,0.29,0.16,0.26,-0.04,0.39,0.11,0.14,0.04,0.31,0.2,0.14,,0.14,-0.07,-0.03,0.08,-0.12,-0.45,-0.58,-0.54,,0.72,0.91,0.82,0.31,0.73,-0.04,-0.25,0.06,0.14,0.78,0.37,-0.3,-0.54,-0.42,0.34,0.59,-0.06,-1.12,-0.4,-0.43,0.25,0.04,-0.15,-0.2,0.19,0.3,0.88,-0.03,-0.03,0.16,-0.49
YML051W,GAL80  GALACTOSE REGULATION     TRANSCRIPTIONAL REPRESSOR,,-0.17,-0.22,0.06,-0.1,,0.08,-0.14,-0.1,-0.36,-0.56,-0.3,-0.12,-0.51,-0.17,-0.23,-0.2,-0.12,0.01,0.1,0.16,-0.1,-0.07,-0.06,0.11,0.08,-0.03,,0.25,0.16,-0.03,0.24,0.03,-0.22,-0.01,0.31,0.56,0.15,0.32,0.36,0.1,0.11,0.16,-0.69,-0.06,-0.15,-0.03,0.06,0.3,0.08,0.8,0.34,0.94,-0.12,0.16,0.1,0.62,0.44,-0.17,-0.04,-0.38,-0.42,0.08,-0.12,-0.25,-0.74,0.03,-0.03,-0.36,-0.18,-0.54,-0.2,-0.25,0.41,0.54,-0.2,-0.38,0.39,-0.4
YDR405W,"MRP20  PROTEIN SYNTHESIS        RIBOSOMAL PROTEIN, MITOCHONDRIAL L23",0.07,0.1,-0.04,-0.04,-0.25,-0.12,-0.03,0.04,0.39,-0.22,0.24,0.07,-0.03,-0.29,0.08,0.42,-0.36,-0.2,-0.03,-0.2,0.06,0.16,-0.07,0.01,0.26,0.14,0.18,0.14,0.08,0.33,0.21,0.06,0.19,0.23,-0.18,-0.09,-1.64,0.23,-0.01,0.49,1,-0.18,0.06,0.42,0.3,0.08,0.2,0.06,0.14,0.53,0.94,1.12,0.73,-0.38,0.39,0.03,-0.32,0.03,,0.25,-0.09,0.26,-0.15,0.12,-0.07,-0.23,-0.06,-0.23,,0.3,0.21,0.4,-0.2,-0.51,-0.04,-0.49,-0.51,0.44,0.38
YBL050W,SEC17  SECRETION                SNAP; VESICLE FUSION,0.03,-0.1,0.04,-0.3,-0.2,-0.51,-0.07,-0.04,-0.04,0.03,0.24,0.21,-0.04,-0.22,0.15,0.25,-0.18,0.16,0.4,-0.1,-0.22,-0.07,-0.74,-0.69,-0.71,-0.25,-0.1,-0.17,-0.58,0.32,0.14,-0.12,-0.04,0.33,0.08,-0.74,-0.43,0.26,-1.94,0.52,1.01,,-0.84,0.03,-1.29,-0.18,-0.94,0.29,0.03,0.1,0.6,0.83,0.81,0.14,0.68,0.54,-0.03,-0.06,-0.29,0.03,0.24,-0.51,-0.58,-0.76,0.66,0.23,0.38,0.14,-0.22,0.26,-0.58,-0.32,0.07,-0.03,0.24,0.14,0.11,1.55,0.85
YAL026C,DRS2   TRANSPORT                CA(2+) TRANSPORTING ATPASE,0.01,-0.01,-0.2,-0.45,0.01,-0.6,,0.31,-0.1,0.34,-0.32,0.32,,-0.06,-0.25,0.57,-0.29,0.15,-0.6,-0.47,0.11,0.21,-0.06,-0.14,0.19,-0.01,0.43,0.83,-0.07,0.29,-0.56,0.42,-0.34,-0.36,-0.29,-0.27,-0.56,-0.29,-0.3,-0.43,-0.89,,-0.49,0.33,-0.42,-0.47,-0.51,0.28,-0.15,0.61,0.77,1.32,1.47,-0.62,0.43,,-0.01,0.21,0.98,1.56,0.93,0.38,0.2,0.25,-0.32,-0.36,-0.2,-0.51,0.48,0.56,1.01,-0.6,0.19,0.6,0.46,0.78,0.73,1.52,0.75
YDL245C,HXT15  TRANSPORT                HEXOSE PERMEASE,-0.01,0.2,-0.03,0.14,,-0.09,-0.14,0.18,0.59,-0.17,0.41,0.14,0.01,-0.32,0.31,0.23,-0.1,0.06,-0.1,0.15,,0.03,-0.07,-0.01,0.11,0.16,0.24,-0.51,-0.17,0.12,0.2,,-0.56,-0.34,-0.81,-0.67,-0.62,-0.36,-0.74,0.1,-0.29,-0.94,-1.12,0.32,-1.25,-0.51,-1.22,0.06,-0.14,0.16,0.38,0.53,0.89,-0.23,0.15,0.34,-0.01,0.34,-0.18,0.54,0.31,0.48,0.2,0.12,-0.34,-0.23,-0.34,-0.29,-0.32,0.59,0.81,0.52,-0.04,-0.2,0.3,0.01,-0.47,1.03,1.08
YEL013W,VAC8   VACUOLAR PROTEIN TARGETI VACUOLAR PROTEIN,-0.01,0.06,,-0.04,-0.2,-0.23,,-0.09,-0.23,0.08,-0.2,0.2,-0.12,-0.3,-0.09,,0.15,-0.03,0.18,0.12,0.1,-0.23,-0.12,-0.1,-0.32,-0.04,-0.06,-0.04,0.12,-0.04,-0.81,-0.06,-0.18,-0.12,-0.54,-0.1,-1.36,-0.97,0.07,0.4,0.29,-0.89,-0.43,-0.03,-0.69,-0.3,-0.76,-0.09,0.15,-0.06,0.81,1.05,1.32,0.37,0.32,0.9,0.19,0.1,0.23,0.8,0.33,-0.49,0.07,-0.15,-0.1,-0.84,0.04,-0.07,-0.06,0.01,0.18,0.26,0.12,0.39,0.52,0.39,-0.01,0.08,
YKL157W,APE2   PROTEIN DEGRADATION      AMINOPEPTIDASE YSCII,0.25,0.04,0.33,0.33,0.07,0.12,-0.1,-0.12,0.12,-0.25,0.21,0.18,-0.06,-0.07,0.07,0.23,-0.42,-0.23,0.68,0.12,0.24,0.34,-0.32,-0.3,-0.43,-0.22,-0.04,-0.1,-0.17,0.34,-0.01,0.2,-0.51,0.38,-0.43,-0.58,-0.43,-0.56,-0.25,0.74,,-0.62,-0.47,0.08,-1.18,-0.14,-1.06,-0.09,0.11,0.07,1.11,1.06,1.25,0.1,0.98,0.9,0.14,-0.17,-0.06,0.49,0.6,0.66,0.29,0.15,-0.51,-0.56,0.52,0.55,-0.17,-0.18,0.2,0.1,0.24,0.58,0.24,0.06,0.23,0.9,0.96
YGR256W,GND2   PENTOSE PHOSPHATE CYCLE  6-PHOSPHOGLUCONATE DEHYDROGENASE,0.06,-0.23,0.4,0.3,0.32,0.24,0.21,0.21,-0.03,-0.27,-0.06,-0.23,-0.01,-0.23,0.21,-0.29,0.18,-0.15,0.82,0.12,0.11,0.3,-0.17,-0.58,-0.4,-0.2,-0.14,-0.43,-0.62,-0.1,0.3,-0.09,-0.58,-1.06,-0.74,-0.32,-0.4,-0.25,-0.51,-0.34,-0.22,-0.42,-0.32,-0.25,-0.51,-0.58,-0.14,-0.04,0.24,0.41,0.25,0.56,1.28,-0.32,0.15,0.41,-0.06,-0.34,0.04,0.9,0.33,0.14,0.39,-0.03,0.04,-0.43,-0.03,,0.08,0.03,-0.56,-0.38,0.23,0.16,0.34,-0.6,-0.07,1.74,1.43
YOR031W,CRS5   CU2+ ION HOMEOSTASIS     METALLOTHIONEIN-LIKE PROTEIN,0.15,-0.01,-0.2,-0.03,-0.18,-0.04,-0.12,-0.22,,-0.32,,-0.25,-0.03,-0.18,-0.29,0.01,0.01,-0.29,1.63,0.21,0.18,-0.25,-0.45,-0.36,-0.45,-0.74,-0.47,-0.62,-0.74,-0.54,-0.4,-0.32,0.24,0.03,-0.03,-0.47,-1.89,0.11,-0.22,-0.69,-0.06,-0.27,-0.45,-0.18,-0.45,-0.42,-0.38,-0.15,0.72,0.58,0.67,1.25,1.14,-0.12,-0.01,0.77,0.11,0.57,-0.01,0.25,0.36,0.2,0.01,0.32,-0.23,-0.58,-0.42,-0.69,-0.36,0.38,-0.2,-0.1,0.03,-0.17,-0.17,-0.17,-0.01,2.05,1.37
YMR152W,NONE   PROTEIN PROCESSING       MITOCHONDRIAL INNER MEMBRANE PROTEASE,0.04,0.37,0.14,0.16,-0.4,-0.25,-0.1,-0.56,-0.17,-0.25,-0.18,-0.18,-0.03,-0.58,-0.36,-0.47,-0.49,-0.27,0.28,0.07,-0.2,-0.29,-0.81,-0.56,-0.42,-0.27,-0.1,0.06,-0.18,0.25,0.06,-0.06,-0.18,-0.34,-0.54,-0.47,-0.76,0.08,-0.34,0.04,0.24,-0.94,-0.62,0.01,-0.25,-0.2,0.25,-0.03,0.52,0.21,0.21,0.38,0.58,0.44,-0.22,0.33,0.01,0.14,0.12,0.72,0.98,0.18,0.08,0.14,-0.25,-0.14,0.16,0.14,-0.04,0.99,,-0.2,0.06,0.44,0.46,-0.03,-0.25,0.97,0.48
YBR037C,SCO1   RESPIRATION              COX1P AND COX2P STABILITY (PUTATIVE),-0.34,-0.45,-0.09,-0.34,-0.03,-0.29,0.1,-0.04,-0.06,,-0.29,-0.3,-0.32,0.72,0.01,-0.01,-0.34,0.04,-0.07,-0.67,-0.42,-0.67,-0.4,-0.34,-0.1,-0.06,0.51,0.29,-0.58,0.53,0.34,0.03,-0.29,,-0.3,-0.92,-0.92,0.25,-0.15,1.2,-0.51,-1.09,-0.32,0.37,-1.09,-0.14,-0.54,-0.1,0.11,0.56,1.47,1.07,0.59,-0.38,0.79,0.03,0.25,0.36,0.01,0.53,0.34,0.16,0.33,-0.23,-0.29,-0.3,-0.17,-0.79,0.29,0.25,-0.34,-0.09,-0.06,-0.1,0.52,0.03,0.2,0.69,0.55
YDR204W,COQ4   UBIQUINONE BIOSYNTHESIS  UNKNOWN,-0.06,0.2,0.04,-0.22,-0.3,-0.54,-0.17,-0.67,-0.34,0.08,-0.25,-0.15,-0.17,-0.67,-0.47,-0.45,-0.36,-0.36,0.87,-0.01,0.15,-0.27,-0.42,-0.71,-0.2,0.08,0.12,-0.03,-0.15,0.29,0.42,0.44,-0.49,-0.25,-0.43,-0.32,-0.34,-0.14,-0.1,0.03,-0.32,-0.1,-0.01,0.03,0.5,0.57,0.82,-0.12,0.39,0.42,1.32,1.18,1.37,-0.09,0.68,0.77,0.43,0.24,0.15,1.67,0.91,0.59,0.62,0.26,-0.07,-0.1,0.41,0.16,-0.1,0.19,0.28,-0.06,-0.56,0.16,0.03,-0.3,-0.1,0.8,0.3
YKR066C,CCP1   OXIDATIVE STRESS RESPONS CYTOCHROME-C PEROXIDASE,-0.18,-0.29,0.21,-0.17,0.03,-0.45,0.07,-0.38,-0.23,-0.07,-0.1,-0.12,-0.03,-0.47,-0.25,-0.56,-0.15,-0.51,0.29,0.28,-0.22,-0.25,-0.15,-0.71,-0.3,-0.22,0.23,-0.27,-0.15,0.46,0.88,0.1,-0.27,-0.4,-0.09,0.2,0.41,0.4,0.42,-1.12,0.12,-0.12,0.08,-0.14,-0.03,0.01,0.1,-0.54,1.08,1.63,2.83,2.45,1.14,-0.51,0.78,,1.32,1.42,0.4,1.82,0.99,0.53,0.89,0.46,1.52,1.53,0.12,0.04,0.28,-0.29,-0.49,-1.43,-0.07,0.32,0.76,0.08,0.44,1.26,0.51
YDR148C,KGD2   TCA CYCLE                2-OXOGLUTARATE DEHYDROGENASE,-0.17,0.24,0.12,0.37,-0.09,-0.04,-0.49,-0.22,,0.06,0.28,-0.18,-0.17,-0.32,-0.15,,-0.04,-0.15,0.86,0.75,0.03,0.37,-0.07,0.36,0.3,0.77,0.62,0.46,0.31,0.5,0.85,0.57,-0.54,-0.43,-0.2,0.16,0.01,0.18,0.34,0.39,0.21,0.1,0.4,0.88,0.87,0.59,0.82,0.2,0.99,1.56,2.15,1.66,1.43,-0.71,0.62,-0.18,0.34,0.73,-0.27,0.4,-0.1,-0.32,-0.45,-0.92,-0.01,-0.17,0.37,0.44,-0.42,-0.34,-0.71,-0.81,-0.62,-0.01,0.37,-0.18,-0.2,1.86,1.41
YBR282W,"MRPL27 PROTEIN SYNTHESIS        RIBOSOMAL PROTEIN, MITOCHONDRIAL L27",-0.25,0.3,0.12,0.32,-0.22,0.28,-0.14,0.23,0.49,-0.04,0.03,0.04,0.01,-0.1,-0.34,0.3,0.1,0.21,0.29,-0.04,0.26,0.21,0.1,0.11,0.26,0.19,-0.23,,0.32,-0.04,-0.09,0.07,,,0.08,-0.1,0.2,0.54,-0.07,0.7,0.65,0.86,0.76,1.51,1.34,0.99,1.58,0.16,0.08,0.63,1.27,1.43,1.34,-0.47,0.75,0.31,0.07,0.5,-0.03,-0.27,-0.03,-0.43,-0.51,-0.03,0.21,0.67,0.04,-0.1,-0.07,0.32,-0.1,0.1,-0.12,0.25,0.28,0.2,0.07,0.95,0.06
YIL111W,COX5B  OXIDATIVE PHOSPHORYLATIO CYTOCHROME-C OXIDASE SUBUNIT VB,-0.01,0.32,0.56,0.41,0.33,0.2,0.14,-0.34,-0.38,-0.42,-0.42,-0.58,-0.47,0.58,-0.43,-0.4,-0.06,-0.47,0.39,-0.12,0.03,-0.58,-0.27,-0.94,-0.47,-0.56,-0.51,-0.54,-0.62,-0.64,-0.69,-0.51,1.11,-0.69,0.33,-0.27,0.1,0.58,0.57,0.94,0.93,0.97,0.72,1.57,1.39,1.12,2.11,-0.58,-0.43,0.56,1.49,1.68,1.24,-1.32,0.76,0.74,-0.54,1.6,-0.01,1.07,0.57,0.19,0.11,-0.29,-0.25,0.03,0.37,0.21,-0.18,0.12,0.08,-0.62,-0.09,0.14,0.68,1.1,1.46,2.99,1.08
YLR093C,NYV1   VACUOLAR PROTEIN TARGETI VACUOLAR V-SNARE,-0.03,-0.01,-0.2,-0.18,-0.22,-0.18,-0.32,-0.42,-0.15,-0.58,-0.18,-0.4,-0.15,-0.42,-0.23,-0.15,,-0.32,0.69,-0.12,0.01,-0.23,-0.56,-0.4,-0.64,-0.27,-0.32,-0.49,-0.32,-0.32,-0.04,-0.34,-0.06,0.03,0.21,-0.06,-0.12,-0.09,0.14,0.18,0.24,-0.27,,-0.07,0.62,0.48,0.8,-0.12,-0.1,-0.03,1.1,1.36,1.64,-0.2,1.1,1.67,-0.56,-1.64,-0.17,-0.32,-0.23,-0.89,-0.64,-0.49,-0.1,0.54,-0.04,0.34,-0.29,0.2,-0.15,-0.49,0.21,0.01,0.1,0.19,0.38,1.75,0.96
YKL142W,"MRP8   PROTEIN SYNTHESIS        RIBOSOMAL PROTEIN, MITOCHONDRIAL SMALL SUBUNIT",0.1,0.56,0.39,-0.58,-0.29,-0.34,-0.2,-0.42,-0.29,-0.27,-0.25,-0.49,-0.25,-0.92,-0.3,-0.67,-0.09,-0.67,1.51,0.04,-0.12,-0.67,-0.71,-0.62,-0.79,-0.42,-0.3,-0.69,-0.06,0.01,0.23,-0.1,-0.1,-0.32,-0.25,-0.17,-0.12,-0.32,0.01,-0.04,-0.01,-0.06,0.15,-0.17,0.95,1.06,1.45,-0.15,-0.29,0.18,1.82,1.8,1.77,-0.23,1.53,0.83,-0.49,-0.81,-0.29,1.06,0.67,-0.38,-0.25,-0.07,0.23,1.04,0.7,0.93,-0.3,0.99,0.19,-0.4,-0.06,0.23,0.23,0.5,1.02,2.48,1.14
YOR089C,VPS21  ENDOCYTOSIS              RAB5-LIKE GTPASE,0.11,-0.2,-0.01,-0.09,-0.27,0.34,0.06,-0.03,-0.1,-0.22,-0.15,-0.4,-0.27,-0.29,0.08,-0.23,0.16,0.01,1.21,-0.04,-0.32,-0.2,0.04,-0.34,-0.18,-0.03,-0.04,-0.4,-0.2,-0.06,0.07,-0.15,0.46,0.3,0.34,0.36,0.25,0.2,0.43,0.23,0.4,0.51,0.36,0.15,0.95,0.69,1.01,-0.32,-0.81,-0.76,0.85,0.94,0.9,0.25,1.4,1.61,-0.58,-0.04,-0.22,-0.15,-0.27,-0.38,-0.49,-0.58,0.1,0.28,-0.25,0.21,-0.06,-0.15,-0.79,-0.12,0.06,0.07,0.07,-0.34,0.25,1.73,0.72
YNR007C,AUT1   AUTOPHAGY                UNKNOWN,0.03,0.12,0.23,-0.29,0.12,0.26,0.12,-0.04,0.24,-0.42,0.52,-0.01,0.29,-0.36,0.16,0.15,-0.18,0.07,0.31,-0.42,0.16,-0.07,-0.18,-0.38,-0.32,-0.01,-0.15,-0.51,-0.4,-0.07,-0.17,-0.04,0.08,0.34,0.39,-0.04,-0.04,-0.06,0.3,-0.09,0.21,0.08,-0.54,0.31,0.7,0.53,0.62,-0.32,-0.23,0.89,1.99,1.8,1.6,-0.94,1.26,0.77,0.14,0.4,0.33,0.29,0.2,-0.15,-0.4,0.34,-0.29,-0.18,-0.18,0.11,0.33,0.6,0.4,,-0.2,-0.23,-0.1,0.07,-0.1,2.19,1.66
YMR272C,SCS7   FATTY ACID METABOLISM    CERAMIDE HYDROXYLASE,-0.01,-0.14,0.16,0.01,0.15,-0.22,-0.07,-0.45,-0.62,-0.69,-0.51,-0.56,-0.32,-0.56,-0.14,-0.69,-0.23,-0.89,0.42,-0.22,-0.15,-0.56,-0.14,-0.32,0.12,0.18,-0.04,-0.29,-0.15,0.08,-0.18,-0.01,-0.42,-0.15,0.18,0.65,0.94,0.74,0.83,0.86,0.58,0.62,0.66,-0.14,0.52,0.41,0.43,-0.51,0.7,1.62,2.57,2.61,1.7,-0.89,1.21,0.83,-0.64,-1.22,0.12,0.4,-0.03,-0.29,-0.12,-0.17,0.24,-1,0.16,0.26,0.16,0.25,0.5,0.77,,0.34,0.96,0.64,0.87,0.75,0.91
YGR193C,PDX1   GLYCOLYSIS               PYRUVATE DEHYDROGENASE,-0.14,-0.38,0.08,-0.29,0.07,-0.09,0.29,-0.2,0.07,0.11,-0.17,0.06,-0.2,-0.12,0.04,,-0.06,,0.46,-0.25,-0.23,-0.49,-0.49,-0.34,-0.47,0.3,0.18,0.19,0.01,0.33,0.29,0.11,-0.17,-0.06,-0.1,0.04,0.1,,0.21,-0.14,0.14,0.12,0.12,0.23,0.63,0.33,0.6,-0.04,0.29,0.41,1.2,0.99,0.95,0.55,0.53,0.3,0.58,0.67,-0.18,0.15,0.15,-0.32,-0.23,-0.2,,0.2,0.14,-0.17,-0.58,0.16,0.1,-0.15,-0.34,-0.04,0.31,-0.04,-0.12,0.52,0.15
YNL039W,TFC5   TRANSCRIPTION            TFIIIB 90 KD SUBUNIT,-0.69,-0.29,-0.2,-0.04,-0.36,0.21,0.65,,-0.51,0.08,-0.06,0.36,-0.32,-0.4,-0.43,-0.06,-0.36,-0.34,-0.1,-0.36,0.33,0.04,-0.06,-0.12,-0.23,0.19,-0.14,0.1,0.01,-0.01,-0.03,0.04,0.21,0.25,0.06,-0.27,-0.54,-0.38,-0.18,0.01,0.39,-0.67,-0.18,-0.22,-0.94,-0.04,-0.32,0.01,0.06,0.4,,0.19,0.85,-0.15,0.45,0.52,0.73,0.56,-0.47,-0.23,-0.38,-0.01,-0.03,0.43,-0.09,0.1,-0.17,-0.1,-0.4,0.43,-0.14,0.18,0.11,-0.25,-0.27,-0.38,-0.42,-0.25,-0.38
YER042W,NONE   OXIDATIVE STRESS RESPONS PEPTIDE-METHIONINE SULFOXIDE REDUCTASE,-0.29,1.1,-0.2,-0.06,-0.42,0.44,0.32,0.7,0.42,0.06,0.03,-0.14,-0.18,-0.3,-0.29,0.1,0.18,0.29,-0.25,0.61,0.1,-0.43,0.23,0.14,0.32,-0.34,-0.34,-0.12,0.31,-0.25,-0.58,-0.3,-0.49,-0.12,0.4,0.81,0.51,-0.17,-0.1,0.3,0.71,0.19,0.12,0.11,0.19,0.07,0.23,0.29,0.69,0.11,0.9,0.88,1.07,0.45,0.49,0.58,0.75,0.54,-0.58,-0.69,-0.34,-0.56,-0.36,-0.12,-0.62,-0.56,-0.89,-0.54,-0.38,0.15,-0.03,-0.23,-0.04,-0.03,0.18,-0.42,-0.51,0.1,-0.74
YER112W,USS1   MRNA SPLICING            U6 SNRNP PROTEIN,-0.14,0.25,,0.2,-0.01,0.23,-0.23,0.19,0.19,-0.18,0.19,0.25,0.26,-0.07,0.01,0.19,0.12,0.04,0.5,0.08,0.16,0.24,0.4,0.32,0.18,-0.17,-0.38,-0.3,0.3,-0.32,-0.23,-0.09,0.16,0.28,0.15,-0.1,-0.22,-0.09,0.16,0.25,0.4,-0.17,-0.14,0.63,0.33,-0.03,0.44,0.15,0.67,0.82,0.58,0.89,1,-0.01,0.04,0.1,1.05,0.76,-0.27,-0.62,-0.38,-0.3,-1.22,-0.12,-0.23,0.63,-0.89,-0.56,0.48,0.58,0.72,0.61,0.3,0.11,0.15,-0.23,-0.47,0.03,-0.51
YGL154C,LYS5   LYSINE BIOSYNTHESIS      AMINOADIPATE-SEMIALDEHYDE DEHYDROGENASE SUBUNIT,-0.2,-0.17,-0.15,0.04,-0.25,0.14,-0.32,0.04,-0.09,0.04,-0.25,-0.27,-0.07,-0.29,-0.25,-0.22,-0.04,-0.18,0.29,0.07,-0.38,0.25,0.18,0.03,0.19,-0.25,-0.27,-0.27,0.24,-0.36,-0.49,-0.18,-0.6,-0.14,-0.14,0.01,-0.3,-0.1,-0.3,-0.04,-0.12,-0.18,-0.01,0.23,-0.07,-0.27,-0.09,-0.34,,0.12,0.36,0.44,0.79,0.55,-0.29,-0.27,0.75,0.86,-0.45,-0.38,-0.15,-0.3,-1.36,-0.01,-0.22,0.01,-0.3,-0.43,-0.2,0.08,-0.29,,-0.32,-0.47,0.11,-0.51,-0.67,0.32,-0.4
YKL208W,"CBT1   MRNA PROCESSING, COB MRN UNKNOWN",-0.32,-1.18,-0.67,-0.4,-0.49,0.07,-0.25,-0.49,-0.17,-0.15,-0.58,-0.22,-0.36,-0.71,-0.86,-0.49,-0.42,-0.14,-0.29,-0.04,-0.22,0.06,0.16,-0.12,-0.58,-0.14,-0.3,-0.32,-0.03,-0.12,-0.67,,-0.17,-0.47,-0.03,-0.03,-0.54,-0.03,-1.25,-0.09,-0.04,-0.15,-0.43,0.75,-0.3,-0.12,-0.22,-0.09,-0.03,0.11,0.98,0.68,0.9,-0.23,0.56,-0.34,0.41,0.62,-0.01,-0.22,0.29,0.08,-0.23,0.34,-0.71,0.08,-0.6,0.04,-0.32,0.53,0.2,0.06,-0.09,-0.22,-0.04,0.06,0.18,0.26,-0.38
YER068W,MOT2   MATING                   TRANSCRIPTIONAL REGULATOR,-0.45,0.07,-0.03,0.26,-0.32,0.54,-0.36,0.01,,0.37,0.16,0.12,-0.06,0.01,-0.1,0.32,0.08,0.14,0.28,0.11,-0.22,0.46,0.14,0.33,0.15,0.1,0.11,0.32,0.25,-0.12,-0.04,0.23,-1.18,-0.38,0.04,0.03,-0.92,0.12,-0.32,1.43,-0.4,-0.89,-0.64,0.36,-0.56,-0.43,-1.43,0.21,0.78,0.96,1.06,0.78,1.16,-0.09,0.32,0.04,1.17,1.48,-0.25,-0.17,-0.23,-0.07,-0.27,0.44,-0.04,-0.12,0.16,0.26,-0.27,,0.21,0.91,-0.14,0.24,0.06,-0.38,-0.67,0.06,-0.45
YCR067C,SED4   SECRETION                ER VESICLE FORMATION,-0.18,-0.62,0.11,-0.25,0.12,0.21,-0.03,0.16,-0.09,0.2,0.1,-0.25,-0.15,-0.67,-0.06,-0.36,-0.03,0.55,-0.54,-0.81,-0.42,-1.29,-0.47,-1.03,-0.94,-0.38,-0.15,-0.3,-0.54,-0.06,-0.27,-0.23,-0.23,-0.27,-0.56,-0.17,-0.51,-0.17,0.1,-0.09,-0.04,-0.45,-0.4,-0.32,-0.49,-0.42,-0.69,0.01,-0.1,0.21,0.82,1.24,1.51,-0.56,0.7,0.96,0.28,0.64,0.03,0.21,0.38,0.74,0.1,0.29,-0.45,-0.38,-0.69,-1.06,-0.15,0.43,0.64,-0.84,-0.01,0.43,,-0.29,-0.22,-0.6,-0.23
YER168C,CCA1   TRNA PROCESSING          TRNA NUCLEOTIDYLTRANSFERASE,0.1,-0.25,0.01,-0.09,0.03,0.01,-0.17,0.18,0.41,-0.03,0.45,0.4,-0.6,-0.1,0.07,0.4,-0.14,-0.15,-0.79,-0.29,-0.23,0.34,-0.04,0.1,0.07,,-0.25,-0.14,-0.06,-0.43,-0.4,-0.1,0.14,0.19,-0.25,-0.18,-0.84,-0.54,-0.29,0.36,0.36,-1.03,-0.81,0.46,-0.86,0.06,-0.92,0.14,-0.43,0.2,0.88,0.75,0.73,-0.84,0.63,0.3,-0.23,-0.01,-0.09,-0.32,-0.04,0.21,-0.12,0.06,-0.43,-0.3,-0.27,-0.36,-0.09,-0.01,-0.07,0.62,0.32,0.16,0.24,-0.49,-0.42,-0.22,-0.34
YDR508C,GNP1   TRANSPORT                GLUTAMINE PERMEASE,-0.69,0.03,0.54,0.46,0.26,0.24,-0.03,,0.2,0.31,0.32,0.11,0.08,-0.22,0.2,0.2,0.06,-0.06,-1.29,0.29,-0.07,0.28,0.34,0.51,0.28,0.51,0.25,0.41,0.2,0.06,0.37,0.46,0.31,-0.17,-0.14,0.36,0.12,0.01,-0.25,-0.23,-0.4,-0.22,-0.22,-0.2,-0.64,-0.67,-0.62,0.16,-1.89,1.05,3.01,2.81,3.5,-2.94,1.86,2.34,-2.84,0.63,0.14,1.06,0.93,0.74,0.84,0.68,-0.47,-0.94,,-0.2,0.18,0.01,0.28,0.53,0.21,-0.12,-0.3,-0.89,-0.92,-1.4,-1.03
YIL048W,NEO1   NEOMYCIN RESISTANCE      ATPASE,-0.09,-0.36,-0.2,-0.15,-0.17,-0.07,-0.04,0.19,0.25,-0.14,0.32,-0.01,-0.06,-0.1,0.2,0.41,-0.34,-0.12,0.01,-0.12,-0.12,-0.18,-0.4,-0.2,-0.01,-0.17,-0.12,-0.07,-0.04,-0.07,-0.01,-0.2,-0.17,-0.14,-0.06,-0.06,-0.49,-0.38,-0.79,1.18,-0.27,-0.58,-0.58,-0.56,-1.69,,-0.62,-0.34,-0.76,0.14,1.04,1.1,1.1,-0.97,0.53,0.23,-0.32,-0.17,-0.04,0.3,,0.58,0.25,0.32,-0.6,-0.4,-0.12,-0.29,-0.17,-0.14,-0.22,0.1,-0.47,-0.17,-0.09,-0.12,-0.42,-0.58,-0.17
YOL135C,MED7   TRANSCRIPTION            RNA POLYMERASE II MEDIATOR SUBUNIT,-0.23,-0.49,-0.34,-0.43,-0.22,-0.36,-0.06,-0.22,-0.32,-0.6,-0.23,-0.4,-0.23,-0.58,-0.25,-0.3,-0.09,0.12,0.21,-0.1,-0.4,-0.62,,0.07,-0.04,-0.06,-0.07,-0.18,-0.23,-0.01,0.04,-0.32,-0.15,0.26,0.08,0.11,0.04,-0.04,0.01,0.12,-0.09,-0.42,-0.34,-0.43,-0.12,-0.22,-0.2,-0.56,0.16,,1.17,0.86,0.42,-0.38,0.6,-0.01,-0.18,-0.04,0.1,-0.18,-0.17,0.58,-0.01,0.38,-0.18,-0.22,-0.3,-0.58,-0.25,0.31,0.08,-0.01,-0.17,-0.17,-0.2,-0.51,-0.23,-0.14,-0.42
YOR290C,SNF2   TRANSCRIPTION            COMPONENT OF SWI/SNF GLOBAL ACTIVATOR COMPLEX,0.5,,-0.42,,-0.49,0.49,-0.01,-0.3,-0.18,-0.17,-0.01,-0.1,0.28,-0.29,0.29,0.3,0.42,-0.25,0.42,0.21,-0.3,-0.09,-0.1,-0.09,0.06,-0.14,-0.23,0.37,-0.34,0.36,0.19,-0.04,-1.25,0.61,0.19,-0.71,-0.12,-0.32,-0.2,0.12,0.28,-0.58,-0.62,0.72,0.5,-0.06,0.23,-0.36,0.2,0.78,0.68,0.23,0.69,-0.6,-0.27,-0.6,0.91,1.21,-0.22,0.19,0.06,0.73,0.23,-0.18,-0.64,-0.71,-1.18,,0.61,0.06,0.58,0.5,-0.15,-0.18,-0.27,-0.42,-0.54,-0.47,-0.64
YPR104C,FHL1   TRANSCRIPTION            TRANSCRIPTIONAL ACTIVATOR ,-1.06,-1.06,-1.06,-0.29,-0.42,0.01,,-0.07,-0.34,-0.56,-0.45,-0.43,-0.3,-0.03,0.01,,0.12,-0.15,-0.17,-0.14,-0.47,-0.54,-0.09,-0.03,-0.14,-0.01,-0.27,-0.04,-0.32,-0.2,-0.4,-0.62,0.18,0.12,0.33,0.19,0.25,-0.17,-0.12,-0.29,0.12,0.45,-0.14,-0.81,-0.06,-0.4,-0.36,-0.43,0.82,0.91,1.15,0.99,1.01,-0.4,,-0.22,0.82,0.9,-0.58,-0.62,-0.27,0.75,0.07,0.44,-0.34,-0.6,-0.71,-0.25,-0.3,0.74,0.77,1.01,-0.04,-0.01,-0.1,-0.25,-0.17,-0.56,-1.03
YBL014C,RRN6   TRANSCRIPTION            COMPONENT OF RDNA TRANSCRIPTION FACTOR COMPLEX,-0.23,-0.92,-0.56,-0.67,-0.47,-0.22,0.07,0.31,-0.27,-0.17,-0.45,-0.1,-0.3,0.15,-0.32,-0.12,0.26,0.16,-0.79,-0.47,-0.54,-0.06,-0.06,0.08,-0.4,-0.42,-0.29,-0.14,-0.45,-0.4,-0.27,-0.42,-0.67,0.51,-0.34,-0.22,-0.36,-0.01,-0.27,-0.03,-0.22,-0.22,-0.71,0.32,-0.64,-0.4,-0.64,-0.07,,,,0.01,-0.09,-0.42,-0.4,-0.3,1.05,1.41,-0.12,-0.29,-0.14,1.03,-0.1,0.11,-0.43,-0.58,-0.54,-0.56,0.14,0.38,0.48,1.53,0.14,0.06,0.01,-0.62,-0.51,0.04,-0.34
YDR440W,"PCH1   MEIOSIS, CHECKPOINT      PUTATIVE ATPASE",-0.38,-0.18,-0.14,0.26,0.15,0.03,-0.14,-0.03,-0.38,-0.2,-0.17,0.14,0.21,-0.3,-0.2,-0.34,0.15,-0.42,-0.22,-0.14,0.12,0.06,0.65,0.38,-0.12,-0.15,-0.2,-0.06,0.07,-0.32,-0.32,-0.34,-0.49,0.11,0.24,-0.27,-0.42,-0.6,0.06,0.08,-0.18,-0.22,-0.4,-1.06,-0.18,-0.45,-0.36,-0.14,0.49,0.62,0.3,0.18,0.18,-0.14,-0.79,-0.74,1.23,1,0.55,-0.42,-0.06,-0.09,-0.42,0.42,-0.38,-0.27,-0.58,-0.67,0.2,0.59,0.63,0.93,-0.25,-0.3,-0.15,-0.32,-0.4,-0.54,-1.32
YER114C,BOI2   BUD EMERGENCE            BINDS BEM1P,-0.58,-0.23,-0.84,-0.27,-0.09,0.11,-0.17,0.08,0.37,-0.12,0.11,-0.07,-0.04,0.18,0.32,0.54,-0.15,0.11,-0.04,0.18,0.2,0.36,0.11,0.29,0.23,0.2,0.33,0.2,0.01,0.24,0.32,0.11,-0.2,-0.07,-0.22,0.01,-0.6,-0.43,-0.34,0.55,0.41,-0.56,-0.4,0.25,-0.79,-0.79,-0.79,-0.03,0.34,0.77,0.5,0.34,0.62,-0.62,-0.36,-0.38,1.2,1.12,0.34,-0.34,-0.34,0.49,-0.12,0.4,-0.62,-0.69,-0.69,-0.64,0.12,0.16,0.57,0.92,0.08,-0.04,-0.18,-0.38,-0.4,-0.67,-0.74
YDR227W,"SIR4   SILENCING                NUCLEAR COILED-COIL PROTEIN, REGULATOR OF SILENCING",-0.22,,-0.45,-0.15,-0.18,-0.3,-0.04,-0.25,-0.36,-0.23,-0.36,-0.14,-0.14,-0.4,0.21,-0.27,-0.22,-0.42,-0.01,-0.27,-0.47,0.14,0.25,0.11,0.51,-0.03,-0.09,0.26,-0.34,-0.14,-0.56,-0.12,-0.29,-0.17,-0.03,0.24,,-0.17,-0.09,0.16,-0.09,-0.07,-0.27,-0.92,-0.07,-0.43,-0.56,-0.42,-0.25,0.62,1.16,1.2,0.93,-1.09,0.51,0.53,0.01,-0.06,-0.09,-0.14,-0.12,-0.14,0.12,0.28,-0.47,-0.51,-0.67,-0.36,0.23,0.48,1.26,0.5,0.06,0.03,0.11,-0.43,-0.17,-0.12,-0.38
YAL043C,PTA1   TRNA PROCESSING          UNKNOWN,-0.2,-0.17,-0.15,-0.34,-0.29,-0.36,0.07,-0.25,0.04,-0.1,0.03,-0.62,-0.15,-0.36,-0.03,-0.07,-0.36,-0.25,0.07,-0.03,-0.17,0.44,0.12,-0.04,0.3,-0.09,0.11,-0.22,-0.42,0.21,-0.3,0.38,-0.43,0.11,-0.04,0.12,-0.76,0.38,0.15,-0.06,-0.04,0.14,-0.07,0.15,-0.43,-0.34,-0.38,-0.06,0.03,-0.03,0.71,0.8,0.58,-0.29,0.98,0.29,0.08,0.24,0.39,0.14,0.42,0.89,-0.09,0.74,-1,-0.86,-0.49,-0.43,0.38,0.69,1.36,0.74,0.03,-0.1,-0.62,-1.15,-0.62,-1.12,-0.4
YER164W,CHD1   TRANSCRIPTION            CHROMODOMAIN-HELICASE-DNA-BINDING (CHD) FAMILY,-0.18,-0.12,-0.22,0.03,-0.09,0.16,-0.03,0.15,0.29,-0.29,0.48,-0.12,-0.15,-0.25,0.33,0.6,-0.29,-0.23,0.04,-0.07,-0.06,0.29,-0.12,0.07,0.24,-0.03,-0.06,0.14,-0.15,-0.07,-0.18,0.06,-0.04,-0.15,0.46,-0.47,-0.71,-0.32,-0.25,0.14,0.3,-0.94,-0.56,-0.1,-1.29,-0.27,-0.89,-0.1,0.48,0.33,1.16,0.99,0.83,0.04,0.52,0.36,0.25,-0.04,0.24,-0.27,-0.32,0.73,-0.07,0.93,-0.49,-0.36,-0.64,-0.76,0.4,0.28,0.82,0.98,-0.03,-0.07,-0.2,-0.51,-0.62,-0.56,-0.42
YGR270W,YTA7   PROTEIN DEGRADATION      26S PROTEASOME SUBUNIT; ATPASE,,-0.1,0.25,0.03,0.08,-0.25,0.04,-0.15,-0.07,-0.2,0.26,-0.03,0.03,-0.4,0.25,-0.04,-0.04,-0.29,-0.22,-0.4,-0.1,-0.25,-0.18,-0.42,-0.36,-0.23,,-0.2,-0.6,-0.01,-0.17,-0.36,-0.25,-0.29,-0.32,-0.43,-0.84,-0.47,-0.3,-0.47,-0.43,-0.74,-0.6,0.36,-0.43,-0.22,-0.67,-0.43,-0.06,0.78,1.12,1.01,0.91,-0.79,0.07,-0.12,0.58,1.29,0.33,0.08,0.54,0.78,0.07,1.6,-0.36,-0.25,-0.22,-0.84,0.57,0.43,1.19,0.51,-0.18,-0.14,-0.22,-0.09,-0.1,-0.36,-0.14
YLR430W,"SEN1   TRNA SPLICING            RNA HELICASE, PUTATIVE",-0.38,-0.36,-0.56,-0.43,-0.29,-0.29,-0.12,-0.4,-0.09,0.28,-0.25,-0.32,-0.18,-0.45,-0.42,-0.09,-0.38,-0.17,-0.45,-0.06,0.06,0.31,-0.03,-0.18,-0.14,0.43,-0.09,0.15,-0.12,0.04,0.23,0.03,-0.04,-0.22,-0.25,-0.15,-0.06,0.08,-0.12,-0.38,-0.17,-0.12,-0.27,0.1,-0.25,-0.45,-0.58,-0.36,0.06,0.56,0.98,0.61,0.81,-0.54,0.26,-0.25,-0.12,0.53,-0.04,0.12,0.26,0.32,-0.27,0.59,-0.6,-0.4,-1.15,-0.86,0.31,0.58,0.85,0.71,-0.25,-0.04,-0.01,-0.36,-0.36,-0.76,-0.69
YBR275C,RIF1   SILENCING                RAP1-INTERACTING PROTEIN,0.21,0.12,0.32,0.82,-0.04,-0.27,,-0.06,-0.1,0.08,,,0.04,-0.09,-0.1,-0.18,-0.09,0.04,-0.22,-0.25,-0.3,-0.38,-0.04,-0.17,-0.36,-0.04,0.01,-0.4,-0.2,-0.38,-0.84,-0.09,0.31,-0.22,0.11,-0.03,-0.22,-0.32,-0.07,-0.06,-0.04,-0.34,-0.54,-0.18,-0.32,-0.4,-0.38,0.07,,0.54,1.04,0.58,0.86,-0.81,0.41,0.1,0.81,0.63,0.19,-0.17,0.25,0.4,-0.42,1.74,-0.56,-0.4,-1.4,-1.06,-0.18,0.78,0.99,0.64,-0.3,-0.29,-0.12,-0.38,-0.69,-0.54,-0.84
YPR122W,"AXL1   BUD SITE SELECTION, AXIA INSULIN-DEGRADING ENZYME HOMOLOG",-0.06,0.14,0.37,0.6,0.01,-0.2,0.06,0.04,0.14,0.01,0.48,-0.03,-0.04,-0.38,0.74,0.03,-0.36,0.26,0.01,-0.51,-0.27,0.07,-0.17,-0.67,-1.22,-0.64,-0.49,-0.01,-0.74,-0.69,-0.69,-0.43,0.11,-0.12,-0.42,-0.71,-0.43,-0.17,,0.58,-0.6,-1.22,-0.76,0.14,-1.09,-0.64,-1.09,-0.29,0.38,0.83,1.71,1.61,1.42,-0.71,0.57,0.08,0.86,1.16,0.63,-0.06,0.45,0.71,-0.89,0.34,-1.12,-0.36,-2.06,-0.43,0.51,0.89,1.28,0.59,-0.06,0.1,-0.18,-0.27,-0.36,-0.42,-0.25
YDR207C,UME6   MEIOSIS                  TRANSCRIPTION FACTOR,0.19,0.58,0.48,0.53,0.19,-0.23,-0.04,0.44,0.15,-0.09,1,-0.36,0.19,0.5,0.93,0.23,-0.17,0.44,0.16,-0.64,0.38,,-0.38,-0.58,-0.6,-0.6,-0.17,-0.23,-0.51,-0.84,-1.03,-0.36,-0.47,-0.49,0.23,-0.12,-0.22,-0.01,-0.29,-0.07,-0.01,-0.01,-0.47,-0.03,-0.27,-0.2,-0.56,-0.12,0.7,0.69,0.99,0.89,0.49,-0.01,0.3,-0.07,0.78,0.82,-0.01,,0.32,0.39,-0.3,0.83,-0.74,-0.74,-0.69,-1.12,0.28,0.52,0.69,0.31,0.07,0.1,0.33,-0.25,-0.07,0.26,-0.27
YER105C,NUP157 NUCLEAR PROTEIN TARGETIN NUCLEAR PORE PROTEIN,-0.43,-0.74,-0.32,-0.34,-0.1,0.18,-0.22,-0.17,-0.07,-0.29,0.08,-0.18,-0.3,-0.25,0.38,0.08,,-0.25,-0.62,-0.58,-0.6,-0.07,-0.49,-0.71,-0.6,-0.56,-0.12,-0.14,-0.49,-0.03,-0.34,-0.25,0.08,,-0.18,-0.09,0.07,0.23,0.01,-0.22,-0.07,-0.22,-0.25,-0.71,-0.27,-0.38,-0.36,-0.4,-0.15,0.48,1.12,0.88,0.85,-0.67,0.2,,0.26,0.59,0.07,-0.18,-0.12,0.32,0.34,0.34,-0.79,-0.81,-0.81,-0.38,0.26,0.23,-0.14,0.44,-0.01,0.07,-0.06,-0.18,-0.03,-0.54,-0.69
YGL212W,VAM7   VACUOLE BIOGENESIS       UNKNOWN; REGULATOR,-0.29,-0.64,-0.43,-0.23,-0.2,-0.18,0.06,-0.12,-0.27,-0.06,-0.64,-0.25,-0.07,-0.38,-0.23,-0.32,-0.01,-0.43,0.36,-0.67,-0.42,-0.3,0.01,-0.27,-0.51,-0.23,-0.23,-0.42,-0.07,,-0.27,0.03,-0.38,-0.22,0.11,-0.1,-0.03,-0.42,-0.71,-0.54,0.14,-0.07,-0.3,-0.76,0.07,-0.1,0.04,-0.03,,0.33,1.56,1.04,0.91,-0.29,0.18,-0.12,0.23,-0.42,-0.17,0.19,0.16,0.1,-0.38,0.7,-1,-0.14,-0.84,-0.84,0.03,0.32,0.31,0.36,-0.86,-0.76,0.07,-0.4,-0.09,0.99,0.53
YDR160W,SSY1   TRANSPORT                REGULATOR OF TRANSPORTERS,-0.09,-0.1,-0.15,-0.03,0.07,-0.3,-0.06,-0.23,-0.07,0.03,0.03,-0.1,-0.25,-0.49,-0.03,-0.23,-0.04,-0.01,0.04,-0.6,-0.4,-0.34,-0.38,-0.25,-0.36,-0.03,-0.03,0.12,-0.36,-0.58,-0.43,-0.17,-0.22,-0.04,-0.3,-0.54,-0.64,-0.2,-0.62,0.75,-0.42,-0.86,-0.51,-0.43,-0.58,-0.58,-0.62,-0.32,-0.01,0.43,1.51,1.3,1.38,-0.71,0.28,0.11,0.31,0.63,-0.07,0.23,0.19,0.25,0.25,1.23,-0.04,-0.27,-0.36,0.16,-0.09,0.04,0.49,0.89,-0.62,-0.3,0.23,-0.32,-0.62,0.57,0.33
YDR082W,STN1   TELOMERE LENGTH REGULATI ASSSOCIATES WITH CDC13P,-0.1,-0.34,-0.47,-0.2,-0.17,-0.03,0.03,-0.01,-0.07,-0.14,-0.36,-0.25,,-0.25,-0.36,-0.32,0.11,-0.17,0.29,-0.23,-0.49,-0.09,0.14,-0.2,-0.25,-0.45,-0.62,-0.49,-0.1,-0.45,-0.92,-0.38,-0.42,-0.09,0.08,-0.43,-0.43,-0.34,-0.6,0.19,-0.6,-0.03,-0.47,-0.38,-0.54,-0.58,-0.6,-0.3,-0.23,-0.12,0.67,1.13,0.99,-0.2,0.4,0.68,0.21,-0.06,0.06,-0.51,0.19,0.11,0.2,1.13,-0.47,-0.25,-0.42,-0.69,-0.23,0.46,0.84,0.86,-0.89,-0.27,0.21,-0.36,-0.86,0.41,
YOR032C,HMS1   PSEUDOHYPHAL GROWTH      SIMILAR TO MYC FAMILY OF TRANSCRIPTION FACTORS,-0.36,-0.25,-0.69,-0.49,-0.29,-0.3,-0.27,-0.07,-0.23,-0.34,-0.42,-0.23,-0.12,-0.36,-0.51,-0.27,-0.84,-0.3,0.91,-0.2,-0.06,-0.1,-0.34,-0.6,-0.25,-0.38,-0.64,-0.62,-0.2,-0.58,-1.06,-0.17,-1.18,0.24,-0.47,0.42,-0.36,-0.47,-0.43,1.42,1.45,-0.89,-0.1,0.8,-0.32,-0.34,-0.89,-0.18,-0.27,0.52,1.91,0.93,1.66,-1.69,0.94,1.27,-0.49,-0.15,0.43,0.21,0.21,0.63,0.12,0.29,-0.67,-0.34,-0.76,-0.51,-0.36,0.6,0.04,-0.29,-0.69,-0.69,0.67,-0.03,-0.38,1.05,0.83
YOL025W,LAG2   AGING                    UNKNOWN,-0.15,0.11,-0.22,-0.54,-0.64,-0.1,-0.4,-0.14,-0.38,0.1,-0.54,-0.4,-0.3,-0.2,-0.97,-0.34,-0.25,-0.09,0.9,-0.12,-0.3,0.06,-0.04,-0.27,0.12,-0.29,-0.56,-0.42,0.04,-0.06,-0.56,0.01,0.26,0.25,-0.32,-0.14,0.03,0.04,0.1,0.07,,-0.4,-0.27,0.01,-0.27,-0.04,-0.38,-0.14,0.03,0.39,1.29,1.25,1.19,-0.79,0.53,0.28,0.12,0.18,-0.25,0.5,0.26,0.57,0.4,0.44,-0.43,-0.36,-0.54,-0.04,-0.27,0.59,-0.25,-0.4,-0.38,-0.38,-0.14,-0.51,-0.58,0.32,-0.12
YDR106W,ARP10  CYTOSKELETON (PUTATIVE)  ACTIN-RELATED PROTEIN,-0.09,-0.03,-0.18,-0.17,-0.07,-0.14,0.04,-0.03,-0.12,-0.14,-0.29,-0.01,0.01,-0.18,-0.15,-0.29,0.14,-0.14,0.19,-0.07,0.21,-0.34,0.08,0.04,-0.67,-0.15,-0.23,-0.2,0.11,-0.2,-0.38,-0.27,-1.64,0.32,-0.12,-0.71,-0.94,-1.09,-0.81,0.29,-0.86,-0.89,-1.09,,-1.15,-0.43,-1.15,-0.14,,-0.03,1.57,1.23,0.6,-1.09,0.68,0.38,0.08,0.01,0.18,0.12,-0.17,0.24,-0.76,0.2,-0.84,-0.15,-1.12,0.19,0.87,0.46,0.58,0.03,-1.09,-0.49,-0.09,-0.38,-0.69,0.58,0.07
YNR058W,BIO3   BIOTIN BIOSYNTHESIS      DAPA AMINOTRANSFERASE,-0.23,-0.27,-0.06,-0.38,-0.3,-0.23,,-0.23,-0.07,-0.12,-0.49,-0.03,-0.2,0.26,-0.74,-0.06,-0.42,-0.23,-0.79,-0.51,-0.09,-0.15,-0.29,-0.38,-0.45,-0.3,-0.3,-0.38,-0.14,-0.4,-1.22,-0.22,-0.32,0.08,,-0.42,-0.69,-0.32,-0.64,0.61,-0.27,-1.32,-0.67,0.19,-1.15,-0.76,-1.36,-0.45,-0.56,0.15,1.04,0.29,0.81,-1.25,0.15,1.2,0.45,1.32,0.19,0.41,0.06,0.36,0.31,0.77,-0.62,-0.22,-0.64,-0.6,-0.23,0.58,0.11,0.72,-0.42,-0.69,-0.56,-0.43,-0.94,,-0.58
YPR106W,ISR1   STAUROSPORINE RESISTANCE PROTEIN KINASE,-1.12,-0.79,-1.32,-1.06,-0.56,-0.09,-0.47,-0.84,-1.12,-1.43,-1,-0.42,-0.09,-0.38,-0.01,-0.6,-0.17,-0.79,0.65,-0.2,-0.23,-0.4,-0.56,-0.58,-0.3,-0.27,-0.56,-0.36,0.06,-0.14,-0.4,-0.29,-2.32,,0.23,0.06,-0.49,-1,0.18,1.21,0.62,-0.42,-0.62,-0.92,0.08,0.43,0.34,-0.38,0.36,,2.08,1.59,0.96,-0.89,0.56,-0.18,1.04,1.33,0.12,-0.51,-0.32,-0.34,-0.2,-0.09,-0.3,-0.64,-0.54,-0.54,0.28,-0.04,0.24,0.23,0.16,0.32,0.79,-0.03,-0.09,0.61,0.21
YDR362C,TFC6   TRANSCRIPTION            TFIIIC 91 KD SUBUNIT,-0.36,-0.79,-0.29,-0.42,-0.22,-0.69,-0.34,-0.42,-0.23,-0.15,-0.25,-0.09,-0.09,-0.56,-0.07,-0.27,-0.22,-0.42,-0.15,-0.01,-0.14,0.24,-0.2,-0.3,-0.07,0.3,0.06,0.23,-0.25,0.08,-0.67,0.23,-0.32,-0.07,0.36,-0.32,-0.69,-0.43,-0.56,0.07,0.57,-0.23,-0.38,0.61,-0.34,-0.51,-0.54,-0.01,0.2,0.48,1.31,1.16,0.97,-0.71,0.54,0.41,0.7,0.86,-0.2,-0.17,0.15,0.45,0.31,0.44,-0.12,-0.42,-0.18,-0.15,0.5,0.71,-0.09,0.5,-0.32,-0.25,0.39,-0.03,-0.22,0.43,0.25
YOR237W,HES1   STEROL METABOLISM        SIMILAR TO HUMAN OXYSTEROL BINDING PROTEIN,-0.14,-0.69,-0.18,0.01,0.24,0.5,0.3,,-0.23,-0.3,-0.23,-0.43,-0.17,-0.3,0.1,-0.2,-0.15,0.1,-0.29,-0.43,-0.36,-0.34,-0.54,-0.07,0.08,-0.04,0.01,-0.29,-0.58,-0.3,-2.47,-0.58,-0.36,-0.42,-0.14,-0.4,-0.49,-0.4,-0.47,-0.04,-0.42,-0.62,-0.79,-0.1,-0.64,-0.45,-0.67,-0.36,0.11,0.58,1.7,1.2,1.3,-0.54,0.33,-0.07,0.9,2,-0.23,-0.51,-0.45,-0.07,0.2,-0.32,-0.47,-0.49,-0.84,-0.09,0.03,-0.4,-0.32,-0.01,-0.67,-0.12,0.52,-0.42,-0.14,0.55,0.46
YKR101W,SIR1   SILENCING                REULATOR OF SILENCING AT HML AND HMR,-1.09,,-0.56,-0.25,-0.47,-0.49,-0.49,-0.74,-0.47,-0.06,-0.6,-0.42,-0.06,-0.2,-1.09,-0.49,-0.69,-0.15,-0.43,-0.1,-0.18,-0.4,-0.25,-0.51,-0.64,-0.6,-0.64,-0.56,-0.49,-0.6,-1.22,-0.51,-0.69,0.03,-0.49,-0.38,-1,-0.43,-0.64,0.21,-0.25,-0.76,-0.43,0.52,-0.94,-0.43,-0.69,,,,,,,,,,,,,,,,,,,,,,,,,,,,,,,,
